ID,Group,Feature_1,Feature_2,Feature_3
D001,B,2800.0,421.16758095834416,5618.684120498386
D002,C,2580.0314416734445,411.7870574024676,-2157.636057901861
D003,A,2695.747596821148,399.1379572230191,6067.318523323708
D004,A,2800.0,394.1317442173898,6417.530770885776
D005,B,2800.0,414.1137642186267,5597.746460936302
D006,A,2304.544424024718,406.0780612048433,4889.086213709216
D007,B,2690.017683505118,407.47078607024287,5378.755534926313
D008,C,2469.7285583404605,399.60711643983626,-2076.0400145459503
D009,A,2479.3562296412883,374.67654958342854,5571.8295446990305
D010,B,2582.1197003876746,398.31301026160673,5178.209221970049
D011,B,2528.8087142321756,392.012651211864,5054.829900378112
D012,B,2790.854701392595,409.67582910189816,5590.456561193812
D013,C,2652.2075450293987,415.17763649491286,-2267.9785174767594
D014,C,2524.335003298566,390.1307343285825,-2145.454381603288
D015,C,2588.772646549085,407.0257785141558,-2185.6019752796255
D016,C,2566.7348654748534,426.0381849652857,-2146.559475158623
D017,B,2798.8158146315213,389.98430919144164,5601.625207871896
D018,B,2458.96834724684,425.22882610109707,4930.101701063659
D019,A,2562.61354033018,387.2112122924403,5757.8645878406805
D020,A,2329.180852139655,400.34439633411927,4978.353869087308
D021,A,2200.0,399.83281582237237,4582.562703802088
D022,A,2630.723719088072,400.17248349805095,5897.992309220908
D023,C,2672.887239771901,387.43482937138083,-2307.5105312765604
D024,B,2351.5669959187117,391.13225344353356,4710.9704392383
D025,C,2800.0,389.984195704609,-2412.2771932809515
D026,C,2209.126865080247,404.90443893106686,-1818.3324460044391
D027,A,2509.1517034602894,404.95052671765467,5506.1495645421965
D028,A,2462.5632299948334,433.38916497607386,5220.709351872222
D029,C,2800.0,420.5648350943668,-2379.8743324206284
D030,B,2793.871753980057,392.35235136792284,5586.732828401785
D031,A,2530.9894851393833,404.8730442369428,5573.6375235345495
D032,B,2575.632503920435,414.9567697118764,5162.358216104371
D033,C,2322.4428504739776,400.45902736507776,-1916.0244407270936
D034,B,2200.0,398.955376323296,4412.145598277868
D035,A,2430.4175701347694,400.77362414154834,5286.854913070393
D036,C,2531.269793820796,413.00914943212643,-2098.839132497886
D037,B,2746.0581361455443,387.27519215792154,5498.9695901566465
D038,B,2740.4759697568825,395.11495796769736,5474.427611157572
D039,A,2422.5346365184096,407.0564971726972,5219.19468301093
D040,C,2439.5394498849328,404.67170607331235,-2032.3981821668115
D041,C,2290.2894069865815,403.59374139784586,-1902.3739238638068
D042,C,2215.996412564205,394.45298250544295,-1833.223941669443
D043,A,2200.0,414.5880368371381,4529.928860778792
D044,A,2800.0,432.00802370806804,6232.665232104276
D045,C,2398.0695636496694,406.0962324051431,-2003.1731261272494
D046,A,2412.3851396777627,397.1023494767524,5251.229971096465
D047,A,2249.4409279900146,411.3361043334181,4692.514397092199
D048,A,2655.498071166382,391.91301044870517,6004.459152952996
D049,C,2200.0,388.75464482945654,-1815.7759181992549
D050,B,2457.4519439572064,400.4921312142057,4925.1596006589625
D051,A,2320.906687761265,361.25805050545085,5160.538938971983
D052,B,2577.3804995718524,382.69074454521984,5152.079885797369
D053,C,2397.8389724862254,394.7805721611873,-1973.4865371228536
D054,B,2263.8735631755176,379.6991671277843,4530.073107194176
D055,B,2494.363554332269,384.51035347161803,5002.311170268666
D056,A,2585.6663741060834,393.4487749381299,5783.023475590019
D057,C,2513.3034444766336,375.3555205970409,-2154.3032152460887
D058,B,2560.494379547956,393.90892305610254,5111.487680908191
D059,C,2373.135581263807,391.97094753200736,-1984.3807511325772
D060,C,2427.4517668025724,400.3810781257752,-2033.0299871935513
D061,B,2365.5079104448096,417.31276045741026,4747.052455077493
D062,C,2428.0893676918918,402.587566247393,-2026.9422949096522
D063,A,2337.370743591109,400.315930320131,5016.070205701966
D064,A,2200.0,401.4918168554607,4591.983141850302
D065,B,2535.4852284507506,403.4108916268169,5065.7678049087035
D066,A,2419.643812758348,384.7489202708535,5335.642789082218
D067,A,2200.0,398.27837012843804,4629.176766995059
D068,A,2592.556451105155,404.6312686275492,5745.297627076877
D069,A,2318.5403271233517,379.4386002618541,5067.6318654675
D070,C,2510.389079159228,412.9847938422378,-2109.7163723364997
D071,B,2645.8181124355074,416.22064051687283,5286.120707563781
D072,C,2525.796582151482,390.5293601732592,-2135.224223506768
D073,C,2727.88013690866,396.37993312820345,-2327.583702703733
D074,C,2253.0348359292693,386.8271448578489,-1848.4101475357347
D075,B,2580.46832823551,410.4907072538173,5160.335664773445
D076,B,2363.0379818119372,384.0816656883114,4715.952576345443
D077,C,2325.840570163624,396.6628448463562,-1921.3772216406585
D078,B,2384.230067047117,387.1162013828849,4764.090096387245
D079,A,2437.6894935745254,400.76431415516936,5312.111088798912
D080,B,2511.233068445949,373.0865609276542,5021.071467617445
D081,B,2266.970031843329,419.8969246354854,4510.618581471215
D082,C,2680.1652973908376,385.53090363690603,-2288.534803526804
D083,A,2593.132487946092,400.89842024674414,5781.905778686411
D084,B,2200.0,396.8121543284454,4411.119257219703
D085,C,2797.65043875912,388.56828232116254,-2387.476603288435
D086,A,2800.0,386.683297950461,6452.242264966133
D087,C,2735.75591423193,414.0459781532869,-2315.511846747262
D088,C,2464.01503283753,392.1153911034709,-2066.988101774368
D089,C,2285.8494756978916,404.06755276955965,-1886.8109068420258
D090,A,2710.890345386227,387.9775467190844,6197.5485774006565
D091,B,2419.364610605364,390.2922785222836,4844.7249846720715
D092,A,2744.4890140764855,407.0837072513177,6183.424300013142
D093,C,2541.654995615372,413.95612744166675,-2124.744195038388
D094,B,2695.327807296743,397.3702539650947,5379.639802921431
D095,B,2571.2732794348804,378.67120192539346,5134.724280870593
D096,A,2641.3146336383898,429.96934119625007,5752.800257151655
D097,B,2502.100004144164,387.15176037648683,4998.519677182298
D098,B,2800.0,376.87618900492316,5597.557151942318
D099,C,2525.382418540724,438.91636881652227,-2079.867767316645
D100,B,2580.3978726889404,393.9395155922359,5160.806544497934
D101,C,2800.0,378.0740096760789,-2440.4334481335172
D102,C,2230.4481877715107,389.74840349816975,-1830.3540075907297
D103,B,2245.9030003028533,405.513173440334,4490.382961123106
D104,B,2693.879341631602,402.8546733639091,5393.61913034836
D105,B,2265.375318977168,387.22406204119613,4542.341871375852
D106,C,2800.0,427.3408540019194,-2355.5878890104523
D107,A,2417.2762038480505,392.1763048300994,5314.481811266034
D108,A,2350.5090377118486,382.22970114382673,5139.511742312352
D109,A,2800.0,414.4104009769099,6331.681488468574
D110,C,2796.102958286885,419.93594269809523,-2389.107348678591
D111,B,2800.0,387.7376035357566,5612.739202040423
D112,B,2681.208931655077,378.97979060441037,5348.199213975293
D113,B,2327.7548629890593,415.45657401123407,4633.8467057145535
D114,B,2800.0,369.2901458041306,5609.964632064085
D115,B,2446.399325809724,381.60067510905077,4886.538293320074
D116,B,2660.491279159279,414.5116922507535,5330.313845694665
D117,C,2689.4503935547496,399.16971177966417,-2285.3837859829314
D118,B,2468.997981381833,396.04093977110966,4918.435930951382
D119,B,2622.815874069216,405.29224909741566,5212.995595766561
D120,A,2684.4413343133056,397.70838364681885,6051.62286374071
D121,C,2575.285106231126,380.51969916755365,-2194.567509219802
D122,B,2280.119841883161,419.14113019009284,4545.578367749985
D123,C,2559.647634841211,419.87521079330224,-2147.6055614400934
D124,A,2765.277179337406,403.0799884566694,6262.924306961703
D125,B,2361.086428053727,400.67701023148015,4724.211391625017
D126,A,2470.073091934466,435.09437209030085,5235.83732647633
D127,A,2412.9692896556726,395.85350732476246,5253.863620854634
D128,C,2800.0,396.1063452724894,-2387.128871111746
D129,B,2634.458951402487,405.4672187386076,5286.890483132809
D130,B,2581.4923672482223,422.06982934213505,5169.767940926882
D131,A,2346.016785110937,423.89156131626225,4896.995294573899
D132,C,2607.8498382583634,396.12141052484844,-2224.9847094999823
D133,C,2365.133467868525,404.6249686893902,-1955.6229352061355
D134,A,2506.36611165487,379.32874799403885,5614.911904031481
D135,A,2372.8307843242237,395.3203583812568,5136.045463885845
D136,B,2635.2866589893,387.3956440678104,5281.360926713657
D137,C,2615.3181633229883,384.89752371551526,-2224.2901417447642
D138,C,2458.340248884401,425.2236507440099,-2017.3467449346238
D139,B,2579.201342532329,388.1157000729078,5153.2521735049
D140,A,2281.3876982538986,392.0259113798282,4900.536242907918
D141,A,2201.748481458879,405.4877318187529,4571.157210317858
D142,C,2587.8783402529075,419.4673790046038,-2150.417063366638
D143,B,2533.334699074506,407.21672689583255,5067.939413872413
D144,A,2627.0062873784213,441.39032671032373,5663.741111618331
D145,A,2800.0,398.8799803262328,6386.025464276994
D146,A,2688.895897398083,403.8807466034462,6043.666291398678
D147,A,2317.4355549111683,404.1340101097608,4928.561821808756
D148,B,2723.4032576191707,421.52574080183734,5457.098458159811
D149,C,2236.818517897696,407.60858426664424,-1830.53701966475
D150,C,2407.683079037058,398.25655449419276,-2014.615708285807
D151,A,2486.351678935074,385.7876710763968,5543.041131098607
D152,A,2800.0,403.6666518394245,6378.968822067635
D153,A,2351.049035590312,421.0201724693794,4941.131342629316
D154,B,2334.712292268197,393.84427309513194,4676.319891543905
D155,C,2480.3094951149137,407.9341542762487,-2078.2532794648323
D156,C,2367.3043427275784,403.6922168302727,-1955.7065001970077
D157,B,2725.3271844213014,412.95279487571975,5443.491363501204
D158,C,2284.0136983273155,387.928693890432,-1898.7605146325282
D159,C,2270.5062695177794,435.1997054578984,-1833.480440352822
D160,C,2412.435991051113,380.8125833945761,-2036.1129234997086
D161,B,2400.393509861539,394.51673365020946,4800.6256020907895
D162,A,2800.0,414.0713881135847,6339.428723062957
D163,A,2689.8841613851523,404.4509975874117,6052.324717714239
D164,C,2517.510248277038,412.44979238621653,-2099.288817690406
D165,A,2254.9128962339664,392.55846499026154,4794.3211984871605
D166,C,2668.8725952803093,398.8779252597949,-2259.7607128012223
D167,C,2299.956930522087,400.18347975458227,-1891.7387026813958
D168,B,2200.0,423.53889421803854,4412.053030307139
D169,B,2737.6059584704603,410.3564353657457,5466.495526954687
D170,B,2563.3885223849697,411.9500816254701,5124.707541609762
D171,C,2684.1717647561636,390.1311086119481,-2286.438249314691
D172,B,2563.745530588604,414.5332395784458,5120.185279768203
D173,A,2671.3661223805384,403.38372495353207,5994.466272736788
D174,C,2369.7948813399707,420.8371797351689,-1925.8480327552877
D175,B,2293.151431643107,430.210902323777,4609.723995433428
D176,C,2636.3189036563253,395.3985133595949,-2226.041103698802
D177,A,2339.3180671652317,393.9054530433241,5059.689957914072
D178,A,2362.09004444996,387.03932513346444,5138.8424938884955
D179,B,2408.8934992965314,397.8463073242552,4823.937745370176
D180,B,2503.495831805011,394.26961826574427,5002.682264469232
D181,C,2429.2012177493034,405.39256599356514,-2036.5115145270026
D182,A,2225.0097413163962,397.83149774599394,4679.763665156122
D183,A,2371.276319433422,394.5760107882757,5142.336885247443
D184,B,2200.0,415.9687770419178,4393.431733108416
D185,B,2625.0462902054373,385.93179653272824,5243.482987302393
D186,B,2200.0,406.4966192972702,4409.5044979810755
D187,C,2279.12333211431,393.9108740921727,-1883.4831802006586
D188,C,2510.433015852195,410.86552757304946,-2096.765991323198
D189,B,2352.087400721737,420.77892320083345,4705.51727020623
D190,C,2800.0,395.4535261986389,-2412.654911521821
D191,C,2241.4286180553104,406.61549360909726,-1851.2599874617413
D192,B,2553.4101738698364,402.6818929859977,5110.547124264718
D193,A,2492.143436354501,388.00866400685356,5530.302549443729
D194,B,2266.3813004517606,403.61181264612907,4508.63321368049
D195,B,2604.6553321063507,404.33680757918216,5204.599857117119
D196,C,2465.6907337555504,406.19306230669264,-2072.604286744945
D197,A,2654.3581102427333,397.0240165476993,5986.338050801397
D198,C,2664.7008307927463,401.4128845046522,-2257.02844356121
D199,B,2800.0,382.78583582735297,5605.962717738062
D200,A,2767.3055898872785,394.62828886780215,6320.79482590492
D201,B,2426.163632411511,408.33944019564694,4861.105883805368
D202,C,2452.1241644848146,413.387108309973,-2034.9012587772327
D203,B,2719.9319191774225,393.6652776381209,5434.945583893567
D204,C,2631.0527461445195,401.5707104414993,-2234.9220848886825
D205,B,2628.0263052195182,403.420799876861,5266.765108273521
D206,A,2200.0,403.0221992005665,4579.205755313604
D207,C,2495.134775120213,408.11160377950586,-2083.379293658392
D208,B,2352.3938181588624,372.72883554424646,4717.195120159478
D209,C,2555.9849198086476,399.2601389477864,-2133.812669354176
D210,C,2480.3699220714084,403.5855040187015,-2056.817940559454
D211,C,2682.0357816185183,384.99504476569444,-2286.2308636823154
D212,B,2563.4436430382602,425.10978560516065,5108.816349857664
D213,A,2657.265592421795,402.42338900857254,5951.411251069508
D214,B,2406.7161806528115,423.4510711754339,4806.855315055953
D215,C,2311.1107488163498,388.14215467250386,-1903.130796153062
D216,B,2417.9900613594905,386.3904981771201,4827.588307427316
D217,C,2496.595917227712,403.3637833144852,-2088.5981373880463
D218,B,2575.830347111016,374.8196745575701,5152.87109898112
D219,B,2800.0,403.2244838593914,5588.778473486749
D220,C,2491.5485696678716,401.4582884800438,-2085.508393072395
D221,B,2308.8109999014446,415.2349792231315,4622.401552837259
D222,A,2430.803644860123,410.51562011747643,5224.763535412088
D223,C,2407.2808050707813,393.7378397517245,-1998.8684359544159
D224,A,2596.2962947546926,383.53755017844634,5846.1630130255835
D225,C,2200.0,425.68457832014946,-1781.40450751477
D226,B,2512.6523988400663,388.11827469152274,5036.96844120652
D227,B,2531.3013075930753,384.317131643958,5048.283521184462
D228,A,2546.436207240055,383.7271591080783,5724.8760172145185
D229,C,2380.5367862069274,416.75957973305,-1979.3335311331825
D230,A,2452.415654052799,392.21649693362724,5395.04818775693
D231,C,2215.187818203494,388.69443300729097,-1854.2586625542692
D232,C,2401.336023327561,402.0653473885502,-2009.381536359567
D233,B,2391.4277047966566,396.89582934164065,4764.340352227462
D234,B,2583.210009252285,389.8285680882063,5161.598853599052
D235,A,2268.7635136356175,411.3098720046772,4744.758404133607
D236,B,2656.2396203419985,415.97973238146994,5304.395270628287
D237,C,2798.896908898274,414.779762634098,-2374.542187905375
D238,A,2200.0,411.503795044918,4531.838469528953
D239,B,2585.2517461556204,406.03938296695054,5178.116132389509
D240,A,2635.3816070060493,373.36168000057256,6058.887730254792
D241,B,2372.5125948895543,425.03876209565453,4746.693959582764
D242,A,2420.5456371342407,404.5298381553633,5228.695678171001
D243,C,2473.423884482609,409.1223464140096,-2079.293600246938
D244,B,2440.4418241196545,416.72443484421103,4872.366227037875
D245,C,2438.1974061905757,421.5002875432299,-2008.241405998347
D246,A,2200.0,406.2759701696379,4570.487237971437
D247,B,2730.466312956624,406.5331923894348,5472.174168508295
D248,C,2715.923718407364,391.0116358381042,-2315.6681120173334
D249,A,2337.3271481591596,400.4963462670814,5011.18944096461
D250,A,2206.715134439497,387.1875810877847,4689.889357019566
D251,B,2604.2129752905516,389.2008920178716,5230.688905094149
D252,B,2384.842406037387,386.59638396528715,4786.67268678887
D253,C,2528.390632664156,397.6596416350407,-2134.363943231966
D254,C,2436.134316570981,415.7363978188001,-2008.5217654489502
D255,A,2638.3077502140372,447.5646215993527,5684.130352315164
D256,A,2638.9498287312013,402.8424945632187,5916.273670307986
D257,B,2354.880524307283,379.7738036836582,4717.820447478996
D258,A,2223.327208920989,418.97474994784386,4563.417867803231
D259,A,2200.0,395.4882418528596,4603.12257595123
D260,A,2622.075875821441,390.0908710903451,5922.644796219058
D261,B,2262.228148443194,403.1477421688458,4547.287715266826
D262,A,2398.6367291402626,381.3906310066566,5279.649063092225
D263,C,2380.7371923098985,403.3369474601291,-1979.6573217063653
D264,A,2489.4865407460907,398.6743671520127,5462.658813763866
D265,C,2200.0,401.47566860223213,-1784.3903773412999
D266,C,2537.755719358766,405.72124381313756,-2159.69647780615
D267,B,2604.778204766841,401.0123838586121,5182.392485921252
D268,A,2517.6844174089324,400.2450712616934,5556.328134956172
D269,A,2437.822765660306,404.26471778496915,5291.156584294576
D270,C,2519.4800332537566,406.2310093925669,-2119.0045000420755
D271,A,2579.8092691280262,384.52776309527115,5813.175854469441
D272,B,2200.0,378.5501311197183,4406.443854973476
D273,B,2800.0,399.0754292174168,5595.034352131404
D274,B,2578.018664537585,378.5089676509884,5142.874229414373
D275,C,2369.518283522596,401.31297206382504,-1979.3336665956465
D276,A,2421.80932496248,414.08120313523466,5205.682025555228
D277,B,2598.748355469838,409.1066750787407,5191.1998074801295
D278,A,2476.7792121931266,384.2774438976179,5492.327086086083
D279,B,2200.0,387.09606322063723,4401.2261399233275
D280,A,2800.0,404.92451942501134,6381.437339536304
D281,B,2477.8918685535054,393.9805329229973,4971.73126607765
D282,C,2704.03454234316,395.2501705742184,-2306.1695311234816
D283,A,2361.5900304431216,408.9535972187193,5032.085570269252
D284,B,2800.0,385.1906995981352,5605.688094407325
D285,C,2557.268737778456,393.98147935133227,-2154.5611599868785
D286,C,2621.7687668950903,387.99876285873097,-2234.236867716325
D287,B,2290.949326770609,384.35305752946965,4581.363460828511
D288,C,2742.2290579365404,387.14382716993254,-2351.9636359073425
D289,A,2637.9636329069576,410.1619325401962,5862.242958040817
D290,B,2760.3692459129998,400.77730584223633,5523.739858708597
D291,A,2374.3824880716843,386.8125905674739,5176.821551484561
D292,A,2403.7945763078424,396.53347588610507,5214.9110962551795
D293,A,2800.0,375.41789039316734,6512.877211480154
D294,B,2287.9968354556904,389.000307886245,4583.700202231334
D295,B,2472.810059864336,432.2436180230093,4948.725690536759
D296,C,2727.378272520539,398.64634225501374,-2316.249062694531
D297,A,2519.544993542971,410.9748839054559,5501.520270036258
D298,B,2616.5907359506587,399.01767437283274,5219.457775151215
D299,C,2420.110194147425,405.2225385286271,-2001.153013195383
D300,C,2574.0111775695036,409.9488713451876,-2164.2875108907947
D301,C,2238.694629652937,383.43075103710294,-1839.8624181806356
D302,A,2800.0,399.5359561408906,6409.495577192253
D303,B,2476.367190974286,423.6829779162473,4978.997806094446
D304,A,2363.96435920063,388.06749174920066,5148.918343027326
D305,A,2633.276616406383,391.5034021940167,5953.121525110135
D306,B,2407.8560425222895,395.38463083949495,4826.408454320815
D307,C,2233.148305719449,404.0353610976437,-1835.7744607677387
D308,B,2230.656498840489,407.8737679546882,4459.243209875694
D309,C,2638.7546305380265,419.0111748222798,-2237.2843158223473
D310,C,2468.0853123707466,407.4924735020299,-2079.178392512749
D311,A,2473.2596880663123,399.06920311302497,5425.951874252181
D312,B,2715.5487611952526,418.8875069441622,5440.6136072388745
D313,B,2274.6348382486512,410.5616653321237,4556.925964899248
D314,C,2353.864449427035,377.5648072561448,-1972.2193469917745
D315,A,2423.024038163745,437.89552360534,5089.950702302348
D316,B,2518.8703178634146,426.54882082295103,5030.664262178438
D317,A,2491.5657097418843,397.4767866584939,5484.0428029513305
D318,A,2442.6225615220187,405.6686515260771,5308.374685096636
D319,B,2487.6747195808707,419.86538124993757,4980.546863915129
D320,C,2478.538944741765,397.41698810954676,-2083.6442223977797
D321,C,2356.0791222896414,410.9552768556553,-1929.2743128004513
D322,A,2337.4014022891847,416.56867710357216,4913.856806337129
D323,B,2554.903271544788,384.7776113839834,5103.5823988421125
D324,A,2321.8169834008945,390.96502219625705,5007.2250659279225
D325,A,2268.5289481618292,413.8211259671587,4746.279633206979
D326,A,2437.5415497748613,406.9122171572325,5278.092185913403
D327,A,2468.4665967672368,413.8569484047092,5320.977147316676
D328,B,2800.0,398.01147978019424,5606.168050157793
D329,A,2359.059944828753,395.6649218356865,5111.90578109343
D330,C,2688.652144993899,370.0204078662494,-2309.7600827300535
D331,B,2649.4376668409263,382.8099936023884,5306.305192741119
D332,C,2262.211008959253,400.7059914198774,-1883.9967795002683
D333,A,2654.6505954805198,412.36835829346353,5891.31135725332
D334,C,2263.2238719613365,407.9676754980354,-1849.4712291592346
D335,A,2200.0,398.0763703895845,4608.959489835024
D336,B,2621.263904871876,395.92342650263953,5248.798500967738
D337,A,2200.0,403.2576944895742,4568.515415428574
D338,C,2590.186892361183,401.1731677163823,-2189.751661816219
D339,C,2363.1978204525567,421.06818272409566,-1958.8070099552156
D340,A,2800.0,402.19661155717375,6365.572799462699
D341,C,2713.7018798632016,377.7813105670405,-2332.3712202340785
D342,C,2409.3228392297224,380.9116279745152,-2018.3001456977233
D343,B,2362.4324777942634,422.7813900544537,4727.812352723348
D344,C,2257.184519381176,382.4325930782488,-1875.1478840661032
D345,A,2411.815473541482,411.467461795503,5159.364939544979
D346,B,2443.9289009630984,395.9744089718593,4899.931086731367
D347,A,2427.061291121663,397.4536255914627,5293.387206639164
D348,B,2531.340771054473,397.9880082584737,5086.1962861714155
D349,A,2615.7042995457755,418.320774391888,5766.81679837721
D350,B,2569.9308913986347,397.10737257184053,5115.800277677444
D351,C,2347.1712152187115,399.5002107573227,-1938.6104082983181
D352,C,2212.4417052396843,377.03794753900763,-1852.1621805515545
D353,A,2772.9063696204944,403.10035767562005,6294.103374598235
D354,C,2362.1101630900125,407.9656376046709,-1957.1536056064633
D355,C,2369.541280012996,403.5871837098068,-1967.0828457075406
D356,B,2395.762137539778,420.96844391630106,4796.2950576669655
D357,B,2200.0,400.8275703217035,4387.72573951035
D358,A,2404.4051991919027,404.4846618417853,5176.983984315702
D359,B,2404.0688371984106,424.7275601540227,4815.344936817618
D360,B,2624.0716596687025,376.7497871596278,5247.984316122197
D361,C,2639.6914298214674,393.16261978300946,-2244.4363334540394
D362,A,2500.754177817254,421.392381280289,5368.9764268299805
D363,B,2686.369674822861,414.04193722466624,5370.613701045938
D364,B,2567.9929967602525,410.17570148260705,5125.297243323767
D365,C,2496.863577679489,412.4897610919672,-2095.4213330637244
D366,A,2532.1856336596447,404.9059931368153,5583.090152945553
D367,A,2461.8693012837202,424.47396141298407,5250.090042038571
D368,C,2421.0300971933098,405.6663875459608,-2028.4784689232613
D369,B,2446.453292621207,403.5980065884292,4888.934458001593
D370,B,2274.3977337059987,402.38438011188464,4554.198933379766
D371,A,2556.088341063259,402.8929593332558,5643.1920497665205
D372,C,2301.375277814084,382.644740787762,-1903.920808596961
D373,C,2668.3262528147275,411.56009581695014,-2239.3679866934426
D374,B,2450.10828396781,398.0434039932501,4889.639203137999
D375,A,2509.8989963300182,427.3287264679061,5390.1123755836015
D376,B,2598.7673552561914,398.8652429411737,5188.190604840492
D377,C,2628.6628930125858,406.31377426263487,-2242.5737040084055
D378,C,2200.0,403.69903279392,-1792.6648346006061
D379,A,2458.6192647672056,390.6166444733612,5431.577710353564
D380,B,2676.0357824161565,414.8820524277776,5376.213935989832
D381,C,2200.0,428.57595460840025,-1782.1929594351757
D382,B,2577.456095079013,399.7783417051023,5170.9470112477775
D383,A,2200.0,395.49281821621867,4638.6441532140025
D384,B,2295.4986312728793,394.6745690341694,4593.371502260565
D385,A,2507.7261103680376,371.61457160023986,5672.331434977827
D386,A,2200.0,397.3328028444548,4623.815262357334
D387,B,2302.89785246317,403.76497174012485,4629.484904305243
D388,B,2205.6329985072825,415.82136887770423,4416.999699765963
D389,A,2800.0,414.4007161172489,6327.274764787711
D390,B,2532.845551097467,393.7525137634496,5055.297076606844
D391,B,2613.458055570534,395.84765507839165,5230.579960201218
D392,C,2455.464979896969,416.8585795842166,-2026.3164211194755
D393,B,2429.3136502485604,397.3980415439068,4861.562624833075
D394,B,2200.0,392.34955690366576,4390.6409210128995
D395,C,2441.6325274504275,420.8877767415141,-2019.6758362789546
D396,C,2347.7015576376753,415.5637850057595,-1933.6876144214373
D397,B,2671.584784858467,400.28187687661386,5346.346434810002
D398,B,2728.2203733315146,391.09333828332,5436.49856625641
D399,C,2793.3157431148356,369.82179521132934,-2416.8844845342737
D400,A,2670.5103878922464,408.84555408362087,5974.4484711398
D401,C,2380.269212615403,386.5544541617173,-1988.3765171954474
D402,B,2276.820602807921,370.5590198628887,4553.596051810102
D403,C,2653.332636329017,423.77230791023527,-2251.231563570023
D404,B,2571.2585634944576,409.7195168651483,5142.28525348526
D405,C,2200.0,382.91487710324554,-1804.3565429046484
D406,C,2571.096358548754,381.7839792556111,-2199.6339258086523
D407,A,2662.9039644975733,413.0644267325743,5899.518526235913
D408,B,2511.785117836326,386.83044075196193,5005.083540010204
D409,C,2462.989265798132,419.44224801291824,-2039.7787094833664
D410,A,2338.4703024767286,409.24688968939233,4973.650971089453
D411,C,2210.6930600873225,408.04894780850236,-1792.0085939433625
D412,B,2660.0595898680053,406.0704318342145,5319.456071787255
D413,C,2438.1771110456584,402.8717630803587,-2053.3092884770426
D414,A,2453.3066676912613,413.20766798765663,5284.059613448376
D415,A,2800.0,393.1887945622659,6443.882099659862
D416,A,2636.900221371838,401.2892796015158,5905.94021699721
D417,A,2574.1650002562205,411.27919881515794,5673.8969623090325
D418,C,2528.412361037447,408.44484577879194,-2114.7500495931226
D419,C,2800.0,382.0751979209701,-2420.3843286997935
D420,C,2800.0,392.49385499043603,-2409.5942270596606
D421,A,2685.9010222959055,403.7920525812873,6061.0280312183495
D422,C,2616.4449182795847,393.87977936440154,-2217.5890477158723
D423,C,2200.0,426.6198784146,-1774.9231721891963
D424,B,2524.7443828467012,394.1027020786883,5054.953805584644
D425,B,2473.978609161259,397.56672328634966,4950.6320881580095
D426,B,2518.7906458771135,411.54145267265955,5011.693015272293
D427,A,2688.6092174645037,404.9579911485237,6048.83871082336
D428,A,2200.0,397.82088314192845,4632.746855579434
D429,A,2386.137589305963,388.65259706678876,5205.786424163264
D430,A,2553.980870988152,404.5227108609515,5656.777487645769
D431,C,2406.6308907894477,415.5864466056759,-1994.1268805517548
D432,C,2216.618777374748,407.1864283614734,-1805.9106922414767
D433,B,2673.792697379359,388.3272471781582,5360.429714962396
D434,B,2555.3743811692257,426.05162435465064,5102.108745162962
D435,C,2305.7790859111033,378.3013316494616,-1912.56782730782
D436,A,2562.9634409031646,376.25971537295817,5793.021138468392
D437,B,2664.317142409959,414.4083583668584,5318.132427832951
D438,A,2501.058529259872,403.38760717904034,5479.115308076244
D439,A,2660.112960686199,391.7575218054394,6029.495337428823
D440,B,2515.652035032332,383.52143908667006,5027.213577137831
D441,B,2420.954203469129,434.81199758920445,4823.668713423228
D442,B,2268.115896720017,401.75636308233163,4533.633398977837
D443,C,2482.8138466056776,408.01301756268657,-2084.2114856334038
D444,C,2538.8585876091543,404.7682764585727,-2125.3147877004967
D445,C,2675.166552317466,406.52211936596734,-2272.76325360496
D446,B,2476.9785063025547,408.1014169078721,4954.806301515917
D447,C,2591.483121244198,410.98636014632314,-2185.3624305835633
D448,A,2307.077597253254,394.3716639885899,4954.581739435577
D449,C,2343.474168834495,395.62537020472234,-1950.051887791419
D450,B,2477.9221401946224,373.8846578746165,4959.74666496549
D451,A,2289.0743072029973,388.29543390247693,4894.625089319707
D452,C,2664.0495674649364,404.0666919467007,-2258.815864994502
D453,B,2592.6260658637216,415.67535063254036,5190.219095768766
D454,B,2555.8191528784905,408.98559289564275,5109.246945098006
D455,C,2567.780825043189,394.889614841831,-2164.858500544647
D456,B,2800.0,381.05240631872266,5608.863284347914
D457,A,2406.2271624066407,358.3396128185885,5442.6339898291735
D458,C,2200.0,417.276009621712,-1781.4662510814205
D459,B,2539.860039379293,391.16156520234773,5056.754470302546
D460,C,2489.879291807667,393.2730249069391,-2124.0322602862034
D461,C,2396.4961914979194,401.973609518621,-2013.7446734041926
D462,C,2304.234028128246,378.9165992891217,-1925.7723135733338
D463,B,2412.1620956395705,394.75326729832693,4822.436527819774
D464,C,2536.2676858435643,430.35207924654964,-2102.600728372775
D465,C,2399.4366598714923,407.58080407866015,-1999.3588068635183
D466,B,2800.0,405.38873734770186,5591.162105941931
D467,B,2307.8991236733705,376.26258283027363,4622.458822655666
D468,A,2341.3765274584657,433.6540284187396,4863.7305332181695
D469,C,2200.0,378.6580763706049,-1824.421725255161
D470,C,2550.2968830043073,428.83487133166597,-2121.923731571509
D471,A,2200.0,368.2741597721829,4763.480973259033
D472,A,2392.1090733251,421.0804815808663,5076.976934972923
D473,B,2444.8658930878887,424.27081403500335,4876.004017780592
D474,A,2358.0544068306226,387.63386318008247,5127.35901832044
D475,A,2800.0,406.33870558409325,6353.539919531789
D476,B,2698.8788782631,408.21220858157,5391.674877148158
D477,A,2763.827375260315,387.7930827515304,6362.264715095395
D478,B,2323.5162362900164,378.26323583894606,4653.587734983358
D479,B,2725.7188129029137,380.2342398528885,5438.260450281477
D480,C,2599.2001892687927,408.1151232993971,-2184.937865247484
D481,C,2654.281189735369,398.7232659622089,-2254.5278065090506
D482,A,2705.8877657565536,391.5354845004676,6154.058754282291
D483,C,2318.2473508081894,414.5015201674969,-1920.623346501936
D484,A,2415.1364758044197,407.6210186408722,5205.206453749484
D485,B,2672.51920226569,388.6680591045155,5353.197732604772
D486,A,2200.0,381.9819772147392,4664.13294214555
D487,B,2800.0,407.8489260803212,5595.246521626983
D488,C,2610.626412841517,391.9362494716291,-2191.638758984228
D489,B,2490.859207867953,401.48807293797256,4989.790056358724
D490,C,2544.1015311514348,423.64448458941575,-2117.3390566219773
D491,C,2294.012943338205,407.5349236011217,-1895.3242417719343
D492,C,2430.011327082179,387.06599500370146,-2051.085290132965
D493,B,2720.056867644075,402.4099178472966,5439.11427453975
D494,C,2759.6043944652442,385.7103257077692,-2354.659705204949
D495,A,2800.0,424.12783233923085,6284.947908594586
D496,B,2485.215066743917,391.57631875595166,4959.964232714584
D497,B,2368.2894066389995,403.1090612046043,4750.700256826605
D498,B,2397.1532068120023,404.6159886201915,4790.795283138107
D499,A,2296.391624942527,402.3887570256055,4897.59924747172
D500,B,2484.42904881183,370.62176567295194,4962.058861328008
D501,A,2576.5464860024535,378.30368404025006,5826.081848723264
D502,C,2493.1515438936094,393.2147458664636,-2097.841243093383
D503,A,2719.2693691331597,404.791477499973,6145.638643705218
D504,B,2453.1568397310925,397.93331178571344,4918.763017022956
D505,A,2430.5098695002876,385.64278790273477,5365.225970187215
D506,A,2383.746304627935,379.7736352131745,5240.5135775623085
D507,C,2200.0,393.9766368325098,-1812.0874518302646
D508,C,2200.0,392.9728593298042,-1831.2465230904465
D509,A,2264.168413872462,407.6925468638913,4743.085048847105
D510,B,2760.2856143329523,395.1052230676252,5518.429746887137
D511,C,2679.052054577986,409.04061484643995,-2265.3434140437043
D512,C,2774.992813278598,391.0802534541939,-2387.9860116819814
D513,A,2233.5576690810994,396.16063496178595,4719.186083774635
D514,C,2200.0,394.7793043053607,-1809.974921031637
D515,C,2367.9887359731833,388.26449549646867,-1970.7119368264373
D516,C,2535.1637906592055,409.37677984650594,-2136.576366073818
D517,B,2599.7380549819654,387.7960600435824,5209.526684933687
D518,B,2709.5944311936105,392.1753773504407,5442.719432137388
D519,C,2556.8559341614427,398.903205310777,-2152.2792529784024
D520,C,2800.0,380.5393051606489,-2425.7857941620396
D521,B,2455.478863810336,395.1259756251925,4904.522485891631
D522,A,2317.3841563916408,389.3304046038582,5020.0184928218405
D523,C,2200.0,394.17768711276625,-1819.3413859976977
D524,B,2322.20572838091,399.10107995993366,4632.965803718549
D525,A,2548.4235921970244,388.00129565289,5691.290916880178
D526,B,2322.255948529274,396.6988633026947,4629.1697309722995
D527,C,2687.3484927070513,419.6300312852827,-2280.256257254327
D528,B,2782.4655412074885,399.6130216261827,5574.4099417164025
D529,A,2200.0,417.17893259528836,4527.3327277986145
D530,B,2672.81046009953,405.19741663010143,5337.256043330737
D531,C,2200.0,411.6124091472822,-1785.8995823001694
D532,C,2580.2998110180574,388.3831154684376,-2182.8068154483212
D533,B,2744.974112838732,401.5736074762827,5491.154996114629
D534,C,2512.9712212687155,402.00869383923214,-2122.42184052089
D535,C,2244.062165359152,390.810613916876,-1870.896372263933
D536,B,2382.9137591444455,387.6575751355858,4777.952648926397
D537,B,2447.6709108578198,377.6460191813905,4901.2959746631
D538,C,2463.5510432420115,422.4420945542745,-2034.1854779669532
D539,C,2459.4206318466668,385.41395665971254,-2087.298437997767
D540,A,2478.023444138137,420.1933160983345,5335.923478237408
D541,C,2542.696009782034,392.98760239513217,-2142.16041233742
D542,B,2258.2852692533556,387.06260050412897,4520.338944630477
D543,B,2451.596034025956,409.33778710457494,4894.25178945022
D544,C,2800.0,390.53212087379717,-2397.3207530054187
D545,B,2423.0709153714965,408.52688378386415,4827.810247364848
D546,A,2411.2327813689603,395.00782352721683,5269.80412956848
D547,B,2715.6394607428474,407.2063674417668,5444.2515928147395
D548,A,2200.0,385.47720904139345,4691.481918603456
D549,C,2736.275720257657,412.47026586977154,-2327.915360670891
D550,C,2373.6192483989666,407.31959023994506,-1978.2928183577599
D551,C,2532.7857144905174,386.20523964906005,-2137.053910493757
D552,B,2519.2642711842395,439.6440358152211,5030.137959019436
D553,B,2688.4936238440787,408.10184539600743,5377.515193825485
D554,A,2446.4810507529305,434.3570060579581,5163.848575363079
D555,B,2364.39484368711,424.00401728123137,4717.964823717263
D556,A,2759.56915813022,397.16747829673324,6296.722076501212
D557,C,2200.0,393.81592368093186,-1822.8882673177645
D558,A,2504.0668363410487,393.948112248688,5549.566415959434
D559,C,2230.414915474176,372.5495717435829,-1869.4685167920738
D560,B,2347.6853223486883,389.5624732097568,4674.5898685397615
D561,A,2800.0,403.70149035969956,6380.891258696019
D562,A,2491.0809147088285,422.8893634132721,5363.975533293859
D563,C,2539.0139394302764,388.40842175532697,-2143.682302510311
D564,A,2200.0,413.23084899044517,4543.6659998177
D565,A,2354.1910682410607,381.21109987745024,5128.274020539646
D566,A,2539.311480145757,391.205199621833,5649.846709156625
D567,C,2570.9515386226435,393.1353910856571,-2176.53632000295
D568,B,2623.377310878656,405.5771662224624,5264.982661116545
D569,B,2501.725579783515,406.85964470081217,5012.856093491127
D570,B,2605.400841690932,414.4351261722152,5233.617764004041
D571,A,2590.756382527137,411.56255440607407,5708.157102476071
D572,B,2200.0,403.6475232310374,4403.293003943384
D573,B,2507.40114438203,405.8554741526293,5001.602639073229
D574,A,2653.580481546541,423.827960366463,5836.74941617182
D575,B,2617.975964146904,392.33610728151604,5227.128379674413
D576,B,2427.228238005842,411.62092478600744,4846.848612099883
D577,C,2338.8746984921263,372.87784110252625,-1970.718246843828
D578,B,2276.337615135674,406.17001364346413,4552.707840750036
D579,B,2473.7891976917176,392.75125686281336,4947.844947357633
D580,C,2726.6159759119446,400.03856773647266,-2320.0559669004792
D581,B,2200.0,415.60129367580555,4401.679861608643
D582,C,2368.0216540541005,402.469657142896,-1969.6805444574
D583,C,2272.039508914645,413.2778131181339,-1865.0326382948945
D584,C,2656.9915042481002,422.1064722270761,-2238.5706126629284
D585,C,2389.13807468574,405.8364095329858,-1988.6901108501177
D586,B,2405.8724683690416,417.5656159693073,4817.6365894002665
D587,B,2456.6100860126703,395.1015853348119,4923.606474313396
D588,C,2589.0786501789594,399.8768517659558,-2173.9132639576383
D589,C,2421.522200370073,392.16070875402283,-2038.933924735335
D590,C,2200.0,415.64466391969563,-1778.7228693762393
D591,A,2608.662378277504,406.2113703069039,5778.194127598881
D592,A,2587.8085915344086,392.39148307157615,5805.946455864376
D593,C,2456.091794333757,402.320032504695,-2040.7796944439694
D594,C,2283.192675865613,415.62352583227874,-1869.3642240533384
D595,A,2570.356022136272,399.4109801344307,5726.884798303769
D596,B,2575.8471067071173,385.76600783725354,5138.031398970449
D597,C,2405.993423459825,401.9786763368112,-2014.6784905201134
D598,B,2456.653705884892,370.2915161339659,4911.67769365806
D599,B,2313.9686994951358,411.5315596659921,4640.203923245302
D600,B,2464.282181582534,393.68008619012977,4923.555209688964
D601,B,2200.0,392.9603389558134,4394.557362789094
D602,C,2583.463764206367,413.1354351816926,-2182.2278693252106
D603,A,2311.126301835141,379.5225568416225,5038.200693830622
D604,B,2547.6206295664624,429.20647964230534,5110.201600823658
D605,B,2218.80741674642,392.79636937392667,4446.022994801964
D606,B,2381.988470826092,392.15123584922657,4772.336749504219
D607,C,2477.9021189868145,415.31837114750743,-2065.067441538391
D608,A,2200.0,410.63042909665637,4540.088142205551
D609,A,2523.0295746280185,436.76844578612616,5393.37344595042
D610,B,2424.1704874240154,396.8319102455272,4847.958041940421
D611,C,2200.0,398.19390042003386,-1803.8893984085987
D612,B,2239.351449177537,377.8102603005512,4489.481785823917
D613,C,2621.0240168164332,395.0184658397676,-2228.3790003967383
D614,B,2679.1111971102646,389.17853056642366,5348.169079107906
D615,A,2473.6182720440065,393.2684948034175,5465.422604058904
D616,C,2580.9523624080994,373.8371836516907,-2206.1465400712023
D617,B,2544.768712662582,424.90911339841773,5077.093073198979
D618,B,2565.9245964255474,378.7509477636154,5118.494322112635
D619,B,2757.1968014160584,357.9669580241243,5515.5385453420395
D620,C,2200.0,382.1736336762547,-1789.777450386006
D621,A,2635.2921464723245,390.9424067080577,5946.45055863413
D622,A,2423.5982088844357,382.7566890511432,5352.975895088564
D623,A,2455.148213149672,416.4745531109877,5301.357128265481
D624,A,2439.550053908986,397.93241232105856,5328.300725724177
D625,B,2424.970576667743,400.3807840660969,4832.55955097651
D626,B,2254.760761643396,409.1558764645812,4490.647965856214
D627,A,2536.66783985152,404.29018790467177,5603.272547716651
D628,B,2800.0,414.6785094616906,5607.996254507002
D629,B,2488.7733959102484,383.3578366954578,4987.460300321671
D630,B,2499.7229914529808,391.7872284898085,4998.752904205417
D631,C,2362.5401925686674,409.98950719104306,-1961.271229689418
D632,B,2476.5050907163777,361.9816830687366,4950.404224044066
D633,C,2593.233285206806,379.37223281024137,-2212.228677788072
D634,A,2425.9515118591316,407.5148834826992,5230.220384295514
D635,B,2409.2391917895998,392.7962644750761,4825.215782493813
D636,C,2580.6529080326495,414.04161325164546,-2181.7264488066007
D637,A,2316.399046036191,412.13770445279744,4884.515510669684
D638,B,2550.4993254153746,382.02860679713444,5098.550556361031
D639,B,2664.0643594522844,406.0998563120032,5319.836481146464
D640,A,2771.989708335897,418.0254678350126,6199.37572157239
D641,C,2481.9235985446107,402.2115160247646,-2074.337646550511
D642,A,2773.519447961343,385.33802684131194,6384.799200552186
D643,C,2706.881977296304,413.19084912870056,-2277.782632655711
D644,B,2300.757471925787,409.53136789830995,4597.411156519365
D645,B,2256.4122976813696,408.1391617524819,4506.3282803015645
D646,A,2439.007272429116,410.73908340155486,5264.42466364092
D647,B,2705.7870985189707,355.0808070965857,5424.215474021506
D648,B,2485.542598487999,413.2140634162146,4964.32430501858
D649,A,2379.868488468442,427.1219771586846,5016.17243194986
D650,A,2800.0,406.5495771194394,6384.535758095015
D651,C,2557.3808976006694,402.8909349474959,-2142.6060889253017
D652,B,2200.0,410.4465801008716,4419.5171778919075
D653,A,2563.432125258538,405.0733821052767,5680.4412175013795
D654,A,2604.0081229141733,409.7767189255092,5781.31936164169
D655,C,2545.121730894221,400.0220650036812,-2125.847750057552
D656,A,2589.9424200463986,388.4994271819465,5829.826958585023
D657,A,2486.5448782154035,384.9351593167808,5529.80815126744
D658,C,2236.320826071053,385.02712407652206,-1878.4406256174566
D659,A,2425.8591993559094,379.4043617357366,5364.682991954784
D660,A,2310.8768408887418,383.9838698347134,5007.331779902753
D661,B,2313.4518178411245,426.41899191129795,4622.322814635362
D662,B,2247.386330179545,411.31143495484366,4492.939126798265
D663,C,2590.497818527929,390.62458913972995,-2211.882355271184
D664,A,2519.579229082525,394.1441095902174,5568.867807959194
D665,A,2410.3669274638582,401.68836296359683,5221.09628957599
D666,A,2370.1324144539226,390.1668245577346,5157.2901054273525
D667,C,2495.3153789957096,401.0127528576149,-2103.993274636693
D668,B,2715.8389456224977,411.66406206854367,5422.772065305191
D669,A,2200.0,399.4638589967774,4591.398825913644
D670,B,2575.3753041701784,405.0402361399299,5145.992323472161
D671,B,2390.8576051964437,413.2973730903942,4771.439576468944
D672,A,2200.0,395.9180236597269,4635.5283856795695
D673,B,2200.0,404.27185898701543,4402.891960784542
D674,B,2317.4433011729416,395.3593361067496,4623.218787329565
D675,A,2543.901911158609,399.57206695248374,5630.480025335799
D676,B,2578.612586796018,395.1290460237556,5143.061746315822
D677,A,2312.203685464443,392.0669521966583,4988.422314952135
D678,A,2703.404198282649,402.60567779480533,6113.794446568889
D679,C,2784.596699303221,408.4981797372732,-2361.074495772911
D680,A,2579.217316991312,402.1945666900157,5712.942805948946
D681,A,2381.719466438378,407.48090437467897,5106.658673205025
D682,B,2724.8838369020737,388.93102329638157,5444.948825697992
D683,A,2651.0791391326675,381.9439721170033,6050.261714083957
D684,A,2673.4814822709836,406.2556525445141,5977.071266450974
D685,C,2368.707265005694,410.31822086762133,-1966.4997444660848
D686,A,2200.0,400.74785899899734,4591.302100664792
D687,A,2800.0,420.2205367063708,6300.736778097736
D688,B,2200.0,413.61548196981846,4408.329544497655
D689,A,2492.846385627956,440.208562611535,5273.551611513353
D690,B,2800.0,396.987872290065,5607.967580906315
D691,C,2566.115351254875,385.01726805856947,-2171.2331669147397
D692,B,2689.849294711647,388.8979481389073,5377.140006580832
D693,B,2200.0,391.5175329043802,4385.0521024056125
D694,B,2200.0,407.14047075157174,4385.94571597479
D695,A,2393.459441604089,367.6289715405811,5349.33419081118
D696,B,2718.1499468869,419.77826527136256,5430.585200538024
D697,C,2430.750110470538,396.41055113286484,-2054.8911112098626
D698,A,2341.0727357857004,396.2980966331687,5049.083152609454
D699,C,2539.5934579889936,383.80985250962505,-2154.228951232814
D700,C,2716.387043695453,398.2866167282473,-2334.972031940917
D701,C,2211.0119601853257,400.198596515013,-1796.660323895881
D702,A,2257.8914011753295,398.1708260859958,4792.859704941902
D703,A,2342.266149098127,405.08588883913643,5003.03394611418
D704,C,2718.9276749424184,391.15551937073457,-2343.063987984497
D705,A,2546.9643051897465,386.5627635938376,5691.2511312054285
D706,C,2800.0,408.2249219574697,-2395.4598998846277
D707,C,2687.289145166223,401.4800118072369,-2306.37611803359
D708,B,2492.980964626066,402.9577158279605,4990.822892530346
D709,B,2753.0155676177533,415.8854088166295,5489.101255474942
D710,A,2542.2994025463754,384.6615341310897,5705.569489734734
D711,A,2359.015729498511,387.17139314123705,5137.7326453566275
D712,A,2635.9949688490206,418.8582947624349,5822.2348559520515
D713,C,2360.7346692277833,377.7567496363894,-1994.2332907345317
D714,C,2441.920579839227,380.3588178050348,-2058.277008639895
D715,A,2765.5565391915966,412.26792746777494,6218.591897921899
D716,C,2479.74370275652,403.5730028803306,-2066.6241052549567
D717,B,2339.3717225316745,401.57848205588914,4677.363903868019
D718,A,2407.1324617129017,398.62510887849425,5234.22204877382
D719,A,2704.3581171177348,400.46901320541355,6094.882981164201
D720,C,2389.491865316654,398.61831827962067,-1984.8845357289722
D721,C,2422.6258306298705,420.33164053891625,-1998.6197493353097
D722,A,2397.9414520732744,394.0277780687489,5228.049840588639
D723,C,2536.785098868062,397.5793969558333,-2135.4540943560605
D724,B,2422.9020479248784,426.91673207837607,4843.482529256273
D725,A,2200.0,400.41264553044755,4612.832362991555
D726,B,2322.563811630992,433.48024584287765,4643.256847432795
D727,B,2313.4421916987126,398.4253044847157,4618.014352992735
D728,A,2748.663876891031,420.51122473690236,6142.730792668155
D729,C,2662.5348084218085,375.16983942535484,-2298.771184341788
D730,B,2617.451875879965,402.304666912235,5229.33579467996
D731,A,2398.928336547118,376.23289655273595,5313.493567483401
D732,B,2336.8416916012056,412.6668145990688,4669.128733754661
D733,C,2398.4964796685285,381.8069827568646,-2014.296732037998
D734,A,2289.623979489665,404.2565433157502,4870.9383585859205
D735,C,2800.0,395.7670618496435,-2397.381540072203
D736,B,2200.0,382.62695222223954,4412.867607767457
D737,C,2612.8017070147616,375.7096002565369,-2243.1366200066436
D738,C,2243.0895404014946,392.3343930462984,-1857.7993428172579
D739,B,2479.1313017010616,426.10944168842997,4953.724466839407
D740,A,2302.3996115012533,395.5977241766593,4939.4448827876895
D741,B,2264.4742075034737,413.7583231317378,4503.170993268177
D742,A,2271.960739813008,399.1443569850672,4807.762457210191
D743,A,2800.0,413.1509016053568,6335.473522135226
D744,C,2473.4023155380814,372.59632932543224,-2103.4950946174044
D745,C,2346.859561104383,393.952175397257,-1929.2946295214094
D746,A,2611.1573928165744,414.2410828568983,5767.638962754143
D747,A,2502.06986291326,397.55117576750234,5510.507412579902
D748,A,2644.0067518683304,398.7031707593343,5919.573116985849
D749,B,2200.0,393.5430713217131,4395.913279580745
D750,C,2560.7207808924004,417.2406907505069,-2159.1187311340345
D751,C,2654.538967420476,404.4627153093242,-2244.4752443061307
D752,C,2200.0,400.66033414263023,-1797.4063899904695
D753,A,2589.6390568846623,409.6458181800894,5724.528462938653
D754,C,2800.0,408.82337393676903,-2366.2265060856907
D755,C,2497.0284593290594,403.18880569656307,-2104.72924540954
D756,A,2664.281187404962,423.2054724548627,5874.507349447022
D757,C,2634.114090062182,399.0956869954132,-2249.568592000636
D758,B,2358.498860497885,404.1712157195192,4716.030538801968
D759,A,2507.953346917299,390.35571169970666,5591.200765644764
D760,C,2200.0,402.2517284050919,-1790.9236028054625
D761,B,2409.739392579495,423.8164228561805,4818.104940611919
D762,A,2553.137594993247,390.35113597316894,5710.676668099735
D763,B,2644.6200987475595,382.9961076154231,5274.709929839796
D764,B,2504.922425049582,414.95139464229726,5005.120045558831
D765,C,2643.996746028633,397.7685077164948,-2245.2052074172934
D766,C,2279.418757408926,401.4400630745466,-1876.785630493877
D767,C,2479.6605450890256,399.32330044459997,-2098.704639577209
D768,C,2503.8558769026154,401.18682585894305,-2098.737572892855
D769,B,2800.0,412.75796025285155,5603.350357910171
D770,C,2457.166668759983,387.4131371410109,-2074.2781460942456
D771,A,2400.1966724011636,384.8233887384177,5276.523173500393
D772,A,2504.2702447687097,401.2745220555656,5488.636225387885
D773,B,2316.1773110260115,375.9034046582525,4614.5970746681305
D774,C,2538.550769813043,379.40419695937106,-2157.5303257056134
D775,A,2426.9889566907486,428.00024722497443,5132.952955656379
D776,C,2200.0,411.36202495092107,-1788.7766412917706
D777,C,2488.282689773228,399.8491529219648,-2078.3596487834516
D778,A,2436.4913812139603,418.5701040393766,5214.5364642813365
D779,A,2200.0,384.3910115487228,4644.316925598436
D780,C,2486.573169077096,395.2659531492121,-2093.115059584134
D781,A,2797.871192414896,409.35180414136573,6341.082028273931
D782,A,2604.2607496551427,413.36007522147094,5743.165540606199
D783,B,2622.3854385462314,407.69375270241665,5255.567646843321
D784,C,2231.7006548833915,361.88141788467664,-1888.7615992300082
D785,A,2595.3796737844445,385.47876823503134,5861.672659665073
D786,A,2529.6899162760155,407.156021385353,5572.133288844216
D787,B,2605.8090476668863,394.6607276042979,5204.106777954151
D788,B,2584.525724341765,438.1034743113876,5174.719383317759
D789,B,2228.0438548992374,413.89837451450643,4467.683379146125
D790,A,2491.7198376884066,408.37122820928,5435.826149288046
D791,C,2348.4258279149667,383.24575669379914,-1973.4012349851446
D792,C,2489.9831811430354,399.47054890595626,-2099.0268843655754
D793,A,2320.519814619634,403.6180594632843,4952.394748387672
D794,C,2762.494073428199,416.91675445191703,-2338.4715298869014
D795,C,2328.2055223111315,413.2169664564945,-1924.4261768354918
D796,C,2320.2115687068926,415.4948379177992,-1918.8344086414263
D797,C,2514.9172813087107,386.14131976284995,-2144.1456421156486
D798,A,2284.5801861192012,421.18227547447947,4767.769003319423
D799,B,2415.0673395134268,379.293538715391,4829.3193375821675
D800,A,2334.0070804924076,391.96128157500755,5070.537576630027
